req_id,category,subcategory,requirement_text,target_value,test_module,test_function,validation_method,status,priority,phase,notes,effort_weeks,dependencies,blocks,assignee,sprint,started_date,completed_date,requirement_file,external_id
REQ-GO-001,CLI,Foundation,Go CLI shall build as single static binary with no runtime dependencies,CGO_ENABLED=0 builds pass,internal/cmd/root_test.go,TestRootCommandHelp,Unit Test,COMPLETE,P0,1,Phase 1 Foundation,1,,REQ-GO-002|REQ-GO-003|REQ-GO-004|REQ-GO-005|REQ-GO-008,,,2026-02-11,2026-02-11,.rtmx/requirements/CLI/REQ-GO-001.md,
REQ-GO-002,CLI,Foundation,Go CLI shall support all target platforms,linux/amd64 linux/arm64 darwin/amd64 darwin/arm64 windows/amd64,Makefile,build-all,Integration Test,COMPLETE,P0,1,Cross-platform builds verified,0.5,REQ-GO-001,REQ-GO-043,,,2026-02-11,2026-02-11,.rtmx/requirements/CLI/REQ-GO-002.md,
REQ-GO-003,CLI,Foundation,Go CLI shall include version command with build metadata,Version commit date go os/arch,internal/cmd/root_test.go,TestVersionCommand,Unit Test,COMPLETE,HIGH,1,ldflags injection,0.25,REQ-GO-001,,,,2026-02-11,2026-02-11,.rtmx/requirements/CLI/REQ-GO-003.md,
REQ-GO-004,DATA,Models,Go CLI shall implement Status enum matching Python,COMPLETE PARTIAL MISSING NOT_STARTED,internal/database/status_test.go,TestStatusParsing,Unit Test,COMPLETE,HIGH,2,Core data model,0.5,REQ-GO-001,REQ-GO-006|REQ-GO-010|REQ-GO-011,,,,,.rtmx/requirements/DATA/REQ-GO-004.md,
REQ-GO-005,DATA,Models,Go CLI shall implement Priority enum matching Python,P0 HIGH MEDIUM LOW,internal/database/priority_test.go,TestPriorityParsing,Unit Test,COMPLETE,HIGH,2,Core data model,0.25,REQ-GO-001,REQ-GO-006|REQ-GO-010|REQ-GO-011,,,,,.rtmx/requirements/DATA/REQ-GO-005.md,
REQ-GO-006,DATA,Models,Go CLI shall implement Requirement struct with all fields,All Python model fields,internal/database/requirement_test.go,TestRequirement,Unit Test,COMPLETE,HIGH,2,Core data model,1,REQ-GO-004|REQ-GO-005,REQ-GO-007|REQ-GO-009|REQ-GO-010,,,,,.rtmx/requirements/DATA/REQ-GO-006.md,
REQ-GO-007,DATA,CSV,Go CLI shall parse CSV database identical to Python,Round-trip test passes,internal/database/csv_test.go,TestCSVRoundTrip,Unit Test,COMPLETE,HIGH,2,CSV parsing,1.5,REQ-GO-006,REQ-GO-009|REQ-GO-010|REQ-GO-011|REQ-GO-012|REQ-GO-017|REQ-GO-022|REQ-GO-030,,,,,.rtmx/requirements/DATA/REQ-GO-007.md,
REQ-GO-008,DATA,Config,Go CLI shall parse YAML config identical to Python,Config parity test passes,internal/config/config_test.go,TestLoadConfig,Unit Test,COMPLETE,HIGH,2,YAML configuration,1,REQ-GO-001,REQ-GO-010|REQ-GO-011|REQ-GO-012|REQ-GO-016|REQ-GO-023|REQ-GO-024|REQ-GO-025|REQ-GO-029|REQ-GO-033|REQ-GO-040|REQ-GO-049|REQ-PAR-005,,,,,.rtmx/requirements/DATA/REQ-GO-008.md,
REQ-GO-009,DATA,Database,Go CLI shall implement RTMDatabase CRUD operations,All CRUD operations work,internal/database/database_test.go,TestDatabase,Unit Test,COMPLETE,HIGH,2,Database container,1,REQ-GO-006|REQ-GO-007,REQ-GO-010|REQ-GO-011|REQ-GO-012|REQ-GO-013|REQ-GO-014|REQ-GO-017|REQ-GO-019|REQ-GO-021|REQ-GO-032|REQ-GO-039,,,,,.rtmx/requirements/DATA/REQ-GO-009.md,
REQ-GO-010,CLI,Commands,Go CLI status command shall provide equivalent functionality to Python,Command runs and shows status,internal/cmd/status_test.go,TestStatusRealCommand,Integration Test,COMPLETE,HIGH,3,Read-only command - output format differs,1.5,REQ-GO-004|REQ-GO-005|REQ-GO-006|REQ-GO-007|REQ-GO-008|REQ-GO-009,REQ-CI-004|REQ-E2E-001|REQ-GO-020|REQ-GO-037|REQ-GO-038|REQ-GO-049|REQ-GO-050|REQ-GO-054|REQ-PAR-001|REQ-PAR-002,,,,,.rtmx/requirements/CLI/REQ-GO-010.md,
REQ-GO-011,CLI,Commands,Go CLI backlog command shall provide equivalent functionality to Python,Command runs and shows backlog,internal/cmd/backlog_test.go,TestBacklogRealCommand,Integration Test,COMPLETE,HIGH,3,Read-only command - output format differs,1,REQ-GO-004|REQ-GO-005|REQ-GO-007|REQ-GO-008|REQ-GO-009,REQ-CI-004|REQ-E2E-001|REQ-GO-014|REQ-GO-015|REQ-GO-020|REQ-GO-037|REQ-GO-038|REQ-GO-048|REQ-PAR-001|REQ-PAR-003,,,,,.rtmx/requirements/CLI/REQ-GO-011.md,
REQ-GO-012,CLI,Commands,Go CLI health command shall provide equivalent functionality to Python,Command runs and shows health,internal/cmd/health_test.go,TestHealthRealCommand,Integration Test,COMPLETE,HIGH,3,Read-only command - output format differs,0.75,REQ-GO-007|REQ-GO-008|REQ-GO-009,REQ-CI-002|REQ-CI-004|REQ-CI-006|REQ-E2E-001|REQ-GO-014|REQ-GO-015|REQ-GO-020|REQ-GO-051|REQ-GO-074|REQ-PAR-004,,,,,.rtmx/requirements/CLI/REQ-GO-012.md,
REQ-GO-013,GRAPH,Algorithms,Go CLI shall implement Tarjan SCC for cycle detection,Same cycles as Python,internal/graph/graph_test.go,TestFindCyclesPresent,Unit Test,COMPLETE,HIGH,4,Graph algorithms,1.5,REQ-GO-009,REQ-GO-014|REQ-GO-021|REQ-GO-052|REQ-GO-053|REQ-PAR-003,,,,,.rtmx/requirements/GRAPH/REQ-GO-013.md,
REQ-GO-014,GRAPH,Algorithms,Go CLI shall implement topological sort,Valid orderings match Python,internal/graph/graph_test.go,TestTopologicalSort,Unit Test,COMPLETE,HIGH,4,Graph algorithms,1,REQ-GO-009|REQ-GO-011|REQ-GO-012|REQ-GO-013,REQ-GO-015,,,,,.rtmx/requirements/GRAPH/REQ-GO-014.md,
REQ-GO-015,GRAPH,Algorithms,Go CLI shall implement critical path analysis,Same critical path as Python,internal/graph/critical_test.go,TestCriticalPath,Unit Test,COMPLETE,MEDIUM,4,Graph algorithms,1,REQ-GO-011|REQ-GO-012|REQ-GO-014,,,,,,.rtmx/requirements/GRAPH/REQ-GO-015.md,
REQ-GO-016,CLI,Commands,Go CLI init command shall create minimal RTM structure,Files created correctly,internal/cmd/init_test.go,TestInitCommand,Integration Test,COMPLETE,MEDIUM,5,Write command,1,REQ-GO-008,REQ-GO-020|REQ-GO-026,,,,,.rtmx/requirements/CLI/REQ-GO-016.md,
REQ-GO-017,CLI,Commands,Go CLI from-tests shall parse pytest markers,Markers extracted correctly,internal/cmd/from_tests_test.go,TestExtractMarkersFromFile,Integration Test,COMPLETE,MEDIUM,5,Write command,1.5,REQ-GO-007|REQ-GO-009,REQ-CI-003|REQ-GO-018|REQ-GO-020|REQ-GO-027|REQ-GO-031|REQ-GO-034,,,,,.rtmx/requirements/CLI/REQ-GO-017.md,
REQ-GO-018,CLI,Commands,Go CLI verify shall update status from tests,Status updated correctly,internal/cmd/verify_test.go,TestVerifyDetermineNewStatus,Integration Test,COMPLETE,MEDIUM,5,Write command,1.5,REQ-GO-017,REQ-CI-001|REQ-GO-020|REQ-LANG-003,,,,,.rtmx/requirements/CLI/REQ-GO-018.md,
REQ-GO-019,ADAPT,GitHub,Go CLI shall implement GitHub adapter,Issues sync works,internal/adapters/github_test.go,TestGitHubAdapter,Integration Test,COMPLETE,MEDIUM,6,Adapter,2,REQ-GO-009,REQ-GO-020|REQ-GO-027|REQ-GO-028,,,,,.rtmx/requirements/ADAPT/REQ-GO-019.md,
REQ-GO-020,RELEASE,Distribution,Go CLI v1.0.0 shall achieve full feature parity,All parity tests pass,test/parity_test.go,TestFullParity,System Test,COMPLETE,P0,8,Release gate,2,REQ-GO-010|REQ-GO-011|REQ-GO-012|REQ-GO-016|REQ-GO-017|REQ-GO-018|REQ-GO-019,REQ-GO-073,,v1.0.0,,,,
REQ-GO-021,CLI,Commands,Go CLI reconcile command shall fix dependency reciprocity,Reciprocity violations fixed,internal/cmd/utility_test.go,TestReconcileCommand,Integration Test,COMPLETE,MEDIUM,9,Utility command,1,REQ-GO-009|REQ-GO-013,,,,,,.rtmx/requirements/CLI/REQ-GO-021.md,
REQ-GO-022,CLI,Commands,Go CLI diff command shall compare RTM databases,Diff output matches Python,internal/cmd/utility_test.go,TestDiffCommand,Integration Test,COMPLETE,MEDIUM,9,Utility command,1,REQ-GO-007,REQ-CI-002,,,,,.rtmx/requirements/CLI/REQ-GO-022.md,
REQ-GO-023,CLI,Commands,Go CLI config command shall display and validate configuration,Config display works,internal/cmd/utility_test.go,TestConfigCommand,Integration Test,COMPLETE,LOW,9,Utility command,0.5,REQ-GO-008,,,,,,.rtmx/requirements/CLI/REQ-GO-023.md,
REQ-GO-024,CLI,Commands,Go CLI makefile command shall generate Makefile targets,Makefile generated correctly,internal/cmd/utility_test.go,TestMakefileCommand,Integration Test,COMPLETE,LOW,9,Utility command,0.5,REQ-GO-008,REQ-GO-026,,,,,.rtmx/requirements/CLI/REQ-GO-024.md,
REQ-GO-025,CLI,Commands,Go CLI docs command shall generate schema documentation,Docs generated correctly,internal/cmd/utility_test.go,TestDocsCommand,Integration Test,COMPLETE,LOW,9,Utility command,0.5,REQ-GO-008,,,,,,.rtmx/requirements/CLI/REQ-GO-025.md,
REQ-GO-026,CLI,Commands,Go CLI setup command shall provide one-command project setup,Setup completes successfully,internal/cmd/setup_test.go,TestSetupCommand,Integration Test,COMPLETE,HIGH,10,Onboarding,2,REQ-GO-016|REQ-GO-024,,,,,,.rtmx/requirements/CLI/REQ-GO-026.md,
REQ-GO-027,CLI,Commands,Go CLI bootstrap command shall generate RTM from artifacts,RTM generated from tests/issues,internal/cmd/bootstrap_test.go,TestBootstrapCommand,Integration Test,COMPLETE,MEDIUM,10,Onboarding,2,REQ-GO-017|REQ-GO-019,,,,2026-02-14,2026-02-14,.rtmx/requirements/CLI/REQ-GO-027.md,
REQ-GO-028,CLI,Commands,Go CLI sync command shall synchronize with external services,Bidirectional sync works,internal/cmd/sync_test.go,TestSyncCommand,Integration Test,COMPLETE,HIGH,10,Integration,2,REQ-GO-019|REQ-GO-032,,,,,,.rtmx/requirements/CLI/REQ-GO-028.md,
REQ-GO-029,CLI,Commands,Go CLI install command shall inject agent configs and git hooks,Configs injected correctly,internal/cmd/install_test.go,TestInstallDetectAgentConfigs,Integration Test,COMPLETE,MEDIUM,10,Integration,1.5,REQ-GO-008,REQ-AGENT-001|REQ-AGENT-002,,,2026-02-12,2026-02-12,.rtmx/requirements/CLI/REQ-GO-029.md,
REQ-GO-030,CLI,Commands,Go CLI validate-staged command shall validate CSV files pre-commit,Validation works in git hook,internal/cmd/validate_staged_test.go,TestValidateStagedValidCSV,Integration Test,COMPLETE,MEDIUM,10,Integration,1,REQ-GO-007,,,,2026-02-12,2026-02-12,.rtmx/requirements/CLI/REQ-GO-030.md,
REQ-GO-031,CLI,Commands,Go CLI analyze command shall analyze project for requirements,Analysis report generated,internal/cmd/analyze_test.go,TestAnalyzeCommand,Integration Test,COMPLETE,LOW,10,Analysis,1.5,REQ-GO-017,,,,2026-02-14,2026-02-14,.rtmx/requirements/CLI/REQ-GO-031.md,
REQ-GO-032,ADAPT,Jira,Go CLI shall implement Jira adapter,Jira sync works,internal/adapters/jira_test.go,TestJiraAdapter,Integration Test,COMPLETE,MEDIUM,10,Adapter,2,REQ-GO-009,REQ-GO-028,,,,,.rtmx/requirements/ADAPT/REQ-GO-032.md,
REQ-GO-033,CLI,Commands,Go CLI remote list/add/remove commands shall manage remotes,Remote management works,internal/cmd/remote_test.go,TestRemoteCommands,Integration Test,COMPLETE,HIGH,11,Collaboration,1.5,REQ-GO-008,REQ-GO-035,,,,,.rtmx/requirements/CLI/REQ-GO-033.md,
REQ-GO-034,CLI,Commands,Go CLI markers command shall discover language-agnostic markers,Markers discovered in Go/Java/etc,internal/cmd/markers_test.go,TestMarkersDiscover,Integration Test,COMPLETE,MEDIUM,11,Multi-language,2,REQ-GO-017|REQ-LANG-007,,,,,,.rtmx/requirements/CLI/REQ-GO-034.md,
REQ-GO-035,SYNC,CrossRepo,Go CLI shall support shadow requirements for cross-repo deps,Shadow reqs resolved correctly,internal/sync/shadow_test.go,TestShadowRequirements,Integration Test,COMPLETE,HIGH,11,Collaboration,2,REQ-GO-033,REQ-GO-036|REQ-GO-042|REQ-GO-075,,,,,.rtmx/requirements/SYNC/REQ-GO-035.md,
REQ-GO-036,SYNC,Grants,Go CLI shall implement grant delegation for access control,Grants validated correctly,internal/sync/grants_test.go,TestGrantDelegation,Integration Test,COMPLETE,MEDIUM,11,Collaboration,1.5,REQ-GO-035,,,,,,.rtmx/requirements/SYNC/REQ-GO-036.md,
REQ-GO-037,CLI,Commands,Go CLI serve command shall start web dashboard,Dashboard serves on port,internal/cmd/serve_test.go,TestServeCommand,Integration Test,MISSING,LOW,12,Dashboard,3,REQ-GO-010|REQ-GO-011,,,,,,.rtmx/requirements/CLI/REQ-GO-037.md,
REQ-GO-038,CLI,Commands,Go CLI tui command shall launch terminal dashboard,TUI renders correctly,internal/cmd/tui_test.go,TestTuiCommand,Integration Test,MISSING,LOW,12,Dashboard,2,REQ-GO-010|REQ-GO-011,,,,,,.rtmx/requirements/CLI/REQ-GO-038.md,
REQ-GO-039,ADAPT,MCP,Go CLI shall implement MCP server for AI integration,MCP protocol works,internal/adapters/mcp_test.go,TestMCPServer,Integration Test,COMPLETE,MEDIUM,12,AI Integration,2.5,REQ-GO-009,,,,,,.rtmx/requirements/ADAPT/REQ-GO-039.md,
REQ-GO-040,AUTH,OIDC,Go CLI auth commands shall implement Zitadel OIDC login,PKCE flow completes,internal/auth/oidc_test.go,TestOIDCLogin,Integration Test,COMPLETE,HIGH,13,Zero-Trust,2,REQ-GO-008,REQ-GO-041|REQ-BENCH-008,,,,,.rtmx/requirements/AUTH/REQ-GO-040.md,
REQ-GO-041,AUTH,Ziti,Go CLI shall integrate with OpenZiti for zero-trust networking,Ziti identity enrolled,internal/auth/ziti_test.go,TestZitiIntegration,Integration Test,MISSING,HIGH,13,Zero-Trust,3,REQ-GO-040,,,,,,.rtmx/requirements/AUTH/REQ-GO-041.md,
REQ-GO-042,SYNC,CRDT,Go CLI shall implement CRDT for offline-first sync,Merge conflicts resolved,internal/sync/crdt_test.go,TestCRDTMerge,Unit Test,COMPLETE,HIGH,13,Collaboration,3,REQ-GO-035,REQ-INT-001|REQ-INT-002,,,,,.rtmx/requirements/SYNC/REQ-GO-042.md,
REQ-GO-043,DIST,GoReleaser,Go CLI shall use GoReleaser for automated releases,Release artifacts published,scripts/release_test.sh,TestGoReleaserBuild,System Test,COMPLETE,P0,14,Distribution,1,REQ-GO-002,REQ-DIST-001|REQ-DIST-002|REQ-DIST-003|REQ-DIST-004|REQ-E2E-003|REQ-GO-044|REQ-REL-001|REQ-REL-002|REQ-REL-005,,,2026-02-12,2026-02-12,.rtmx/requirements/DIST/REQ-GO-043.md,
REQ-GO-044,DIST,Homebrew,Go CLI shall be installable via Homebrew tap,brew install works,scripts/homebrew_test.sh,TestHomebrewInstall,System Test,COMPLETE,HIGH,14,Distribution - rtmx-ai/homebrew-tap created,1,REQ-GO-043,REQ-GO-073|REQ-REL-004,,,2026-02-17,2026-02-17,.rtmx/requirements/DIST/REQ-GO-044.md,
REQ-GO-045,DIST,Deprecation,Python CLI shall emit deprecation warnings pointing to Go CLI,Warnings shown on all commands,test/deprecation_test.go,TestDeprecationNotice,System Test,COMPLETE,HIGH,14,Migration,1,REQ-GO-073,REQ-GO-046|REQ-MIG-002,,,,,.rtmx/requirements/DIST/REQ-GO-045.md,
REQ-GO-046,DIST,Migration,Go CLI shall include migrate command for Python users,Migration completes successfully,internal/cmd/migrate_test.go,TestMigrateCommand,Integration Test,COMPLETE,MEDIUM,14,Migration,1.5,REQ-GO-045,REQ-MIG-002,,,,,.rtmx/requirements/DIST/REQ-GO-046.md,
REQ-GO-047,RELEASE,v1.0,Go CLI v1.0.0 stable release with multi-language support and full documentation,All language plugins and docs complete,test/release_test.go,TestV1Release,System Test,COMPLETE,P0,15,Release gate - requires v0.1.0 plus multi-language,2,REQ-AGENT-001|REQ-AGENT-002|REQ-CI-001|REQ-CI-002|REQ-E2E-001|REQ-GO-048|REQ-GO-049|REQ-GO-050|REQ-GO-051|REQ-GO-052|REQ-GO-053|REQ-GO-054|REQ-GO-068|REQ-GO-073|REQ-PAR-001|REQ-PAR-002|REQ-PAR-003|REQ-PAR-004|REQ-REL-001|REQ-REL-002|REQ-REL-003|REQ-REL-004,REQ-DIST-005|REQ-MIG-001,,v1.0.0,,,,.rtmx/requirements/RELEASE/REQ-GO-047.md
REQ-GO-048,OUTPUT,Tables,Go CLI shall use ASCII tables matching Python tabulate output,Tables visually identical,internal/cmd/backlog_test.go,TestBacklogTableFormat,Integration Test,COMPLETE,HIGH,7,Output parity - backlog uses tables,1.5,REQ-GO-011,REQ-GO-047,,,,,.rtmx/requirements/OUTPUT/REQ-GO-048.md,
REQ-GO-049,OUTPUT,PhaseNames,Go CLI shall display phase names from config in status output,Phase 1 (Foundation) format,internal/cmd/status_test.go,TestStatusPhaseNames,Integration Test,COMPLETE,HIGH,7,Output parity - status shows phase names,0.5,REQ-GO-008|REQ-GO-010,REQ-GO-047,,,,,.rtmx/requirements/OUTPUT/REQ-GO-049.md,
REQ-GO-050,OUTPUT,StatusVerbose,Go CLI status -v shall match Python category list format,Category list with aligned columns,internal/cmd/status_test.go,TestStatusCategoryListFormat,Integration Test,COMPLETE,HIGH,7,Output parity - -v shows category list not bars,1,REQ-GO-010,REQ-GO-047,,,,,.rtmx/requirements/OUTPUT/REQ-GO-050.md,
REQ-GO-051,OUTPUT,HealthChecks,Go CLI health shall show individual check results like Python,[PASS]/[FAIL] per check,internal/cmd/health_test.go,TestHealthCheckByCheckFormat,Integration Test,COMPLETE,MEDIUM,7,Output parity - check-by-check format,1,REQ-GO-012,REQ-GO-047,,,,,.rtmx/requirements/OUTPUT/REQ-GO-051.md,
REQ-GO-052,OUTPUT,DepsTable,Go CLI deps shall show full requirements table like Python,Table with ID Deps Blocks Description,internal/cmd/deps_test.go,TestDepsTableFormat,Integration Test,COMPLETE,MEDIUM,7,Output parity - deps shows all reqs,1,REQ-GO-013,REQ-GO-047,,,,,.rtmx/requirements/OUTPUT/REQ-GO-052.md,
REQ-GO-053,OUTPUT,CyclesDetail,Go CLI cycles shall show stats paths and recommendations,Cycle paths and recommendations,internal/cmd/cycles_test.go,TestCyclesDetailFormat,Integration Test,COMPLETE,MEDIUM,7,Output parity - cycles shows details,1,REQ-GO-013,REQ-GO-047,,,,,.rtmx/requirements/OUTPUT/REQ-GO-053.md,
REQ-GO-054,OUTPUT,Colors,Go CLI shall use same color scheme as Python CLI,Green/yellow/red match Python,internal/output/format_test.go,TestColorScheme,Integration Test,COMPLETE,LOW,7,Output parity - color consistency,0.5,REQ-GO-010,REQ-GO-047,,,,,.rtmx/requirements/OUTPUT/REQ-GO-054.md,
REQ-GO-061,TEST,Infrastructure,Go CLI shall provide HTTPClient interface for adapter testing,All adapters accept injectable HTTP client,internal/adapters/http_test.go,TestHTTPClientInterface,Unit Test,COMPLETE,P0,16,Testability,1,,REQ-GO-062|REQ-GO-063|REQ-GO-064|REQ-GO-065,,,,,,.rtmx/requirements/TEST/REQ-GO-061.md
REQ-GO-062,TEST,Infrastructure,Go CLI shall provide FileSystem interface for command testing,All file operations use injectable filesystem,internal/cmd/filesystem_test.go,TestFileSystemInterface,Unit Test,COMPLETE,P0,16,Testability,1,REQ-GO-061,REQ-GO-066,,,,,,
REQ-GO-063,TEST,Infrastructure,Go CLI shall provide test fixtures package,Fixtures available for database/config/requirements,internal/testutil/fixtures_test.go,TestFixtures,Unit Test,COMPLETE,HIGH,16,Testability,1,REQ-GO-061,REQ-GO-066|REQ-GO-067|REQ-GO-070|REQ-GO-071,,,,,,
REQ-GO-064,TEST,Infrastructure,Go CLI shall provide mock HTTP server for adapter tests,Mock server captures requests and returns configured responses,internal/adapters/testutil/mock_server_test.go,TestMockServer,Integration Test,COMPLETE,HIGH,16,Testability,1,REQ-GO-061,REQ-GO-065,,,,,,
REQ-GO-065,TEST,Coverage,Go CLI adapters shall achieve 100% test coverage,GitHub and Jira adapters fully tested with mocks,internal/adapters/github_test.go,TestAllMethodsCovered,Integration Test,COMPLETE,P0,16,Coverage,2,REQ-GO-061|REQ-GO-064,REQ-GO-068,,,2026-02-14,2026-02-14,,.rtmx/requirements/TEST/REQ-GO-065.md
REQ-GO-066,TEST,Coverage,Go CLI commands shall achieve 100% test coverage,All commands tested with dependency injection,internal/cmd/coverage_test.go,TestCommandCoverage,Integration Test,COMPLETE,P0,16,Coverage,2,REQ-GO-062|REQ-GO-063,REQ-GO-068,,,,,,
REQ-GO-067,TEST,Coverage,Go CLI unit tests shall achieve 90% coverage,Database/graph/config/output packages at 90%+,test/unit_coverage_test.go,TestUnitCoverage,Unit Test,COMPLETE,HIGH,16,Coverage,1,REQ-GO-063,REQ-GO-068,,,,,,
REQ-GO-068,TEST,CI,Go CLI shall integrate Coveralls for coverage badges,Coverage badge in README auto-updated on merge,test/coveralls_test.go,TestCoverallsIntegration,System Test,COMPLETE,HIGH,16,CI,0.5,REQ-GO-065|REQ-GO-066|REQ-GO-067,REQ-GO-047|REQ-GO-069,,,,,,
REQ-GO-069,TEST,CI,Go CLI shall enforce coverage thresholds in CI,PR fails if coverage drops below 80%,test/coverage_gate_test.go,TestCoverageGate,System Test,COMPLETE,HIGH,16,CI,0.5,REQ-GO-068,,,,,,,
REQ-GO-070,TEST,Fuzz,Go CLI shall include fuzz tests for CSV parsing,Fuzz testing catches malformed input edge cases,internal/database/fuzz_test.go,FuzzCSVParse,Fuzz Test,COMPLETE,MEDIUM,16,Quality,1,REQ-GO-063,,,,2026-02-14,2026-02-14,,.rtmx/requirements/TEST/REQ-GO-070.md
REQ-GO-071,TEST,Golden,Go CLI shall use golden file tests for output formatting,Output format regression detected automatically,internal/testutil/golden_test.go,TestStripANSIString,Unit Test,COMPLETE,MEDIUM,16,Quality,1,REQ-GO-063,,,,2026-02-14,2026-02-14,,.rtmx/requirements/TEST/REQ-GO-071.md
REQ-LANG-003,LANG,Go,RTMX shall provide Go testing integration with helper functions and struct tags as primary marker mechanisms,Helper functions and struct tags parsed,pkg/rtmx/rtmx_test.go,TestReqValidID,Integration Test,COMPLETE,P0,14,Migrated from rtmx - Go native markers for closed-loop verification,2.5,REQ-GO-018|REQ-LANG-007,REQ-GO-073|REQ-BENCH-002,,,2026-02-17,2026-02-17,.rtmx/requirements/LANG/REQ-LANG-003.md,
REQ-LANG-007,LANG,Specification,RTMX shall define language-agnostic marker annotation specification,JSON Schema and formal spec document,internal/markers/spec_test.go,TestMarkerSchemaValidation,Unit Test,COMPLETE,HIGH,14,Migrated from rtmx - Foundation spec for multi-language support,2,,REQ-GO-034|REQ-LANG-003|REQ-LANG-004|REQ-LANG-005|REQ-LANG-006|REQ-LANG-008|REQ-LANG-009|REQ-LANG-010|REQ-LANG-011|REQ-LANG-012|REQ-LANG-013|REQ-LANG-014|REQ-LANG-015|REQ-LANG-016|REQ-LANG-017|REQ-LANG-018|REQ-LANG-019|REQ-LANG-020|REQ-LANG-021|REQ-LANG-022|REQ-LANG-023|REQ-LANG-024|REQ-LANG-025|REQ-LANG-026|REQ-LANG-027|REQ-LANG-028|REQ-LANG-029|REQ-VERIFY-002|REQ-BENCH-001,,,,2026-02-10,2026-02-10,.rtmx/requirements/LANG/REQ-LANG-007.md
REQ-GO-073,RELEASE,v0.1.0,Go CLI v0.1.0 release signals architectural transition from Python,First Go CLI release with closed-loop Go support,test/release_test.go,TestV010Release,System Test,COMPLETE,P0,14,Initial Go release,1,REQ-GO-020|REQ-GO-044|REQ-LANG-003,REQ-GO-045|REQ-GO-047,,v0.1.0,,2026-02-17,2026-02-17,.rtmx/requirements/RELEASE/REQ-GO-073.md
REQ-INT-001,INTEGRITY,Framework,RTMX shall provide database integrity framework preventing unauthorized status modification,Design document with enforcement analysis,test/integrity_test.go,TestIntegrityFramework,Design Review,COMPLETE,HIGH,17,Future - preserving optionality for enforcement approach,2,REQ-GO-042,REQ-INT-002|REQ-INT-003,,,,,,.rtmx/requirements/INTEGRITY/REQ-INT-001.md
REQ-INT-002,INTEGRITY,Decentralized,RTMX Sync shall require cryptographic proof-of-verification for status change operations,CRDT merge rejects invalid proofs,internal/sync/proof_test.go,TestProofOfVerification,Integration Test,COMPLETE,HIGH,17,Future - decentralized enforcement via CRDT proofs,3,REQ-GO-042|REQ-INT-001,,,,,,,.rtmx/requirements/INTEGRITY/REQ-INT-002.md
REQ-INT-003,INTEGRITY,Centralized,RTMX shall provide Git branch protection integration for CI-only status changes,GitHub Action validates status changes,test/branch_protection_test.go,TestBranchProtection,System Test,COMPLETE,MEDIUM,17,Future - pragmatic near-term solution for Git users,1.5,REQ-INT-001,,,,,,,.rtmx/requirements/INTEGRITY/REQ-INT-003.md
REQ-LANG-004,LANG,Python,RTMX shall provide Python pytest integration with requirement markers maintaining parity with original rtmx,pytest markers work with rtmx verify,tests/pytest/test_plugin.py,TestPytestPlugin,Integration Test,COMPLETE,P0,14,Python parity - pytest plugin,2,REQ-LANG-007|REQ-VERIFY-001,REQ-DIST-004|REQ-E2E-002|REQ-BENCH-003,,,,2026-03-15,2026-03-15,.rtmx/requirements/LANG/REQ-LANG-004.md
REQ-LANG-005,LANG,Rust,RTMX shall provide Rust testing integration via procedural macros,#[req] attribute works with cargo test,internal/cmd/from_tests_rust_test.go,TestExtractRustMarkers,Integration Test,COMPLETE,MEDIUM,18,Rust ecosystem support,2,REQ-LANG-007|REQ-VERIFY-001,REQ-BENCH-004,,,,,,.rtmx/requirements/LANG/REQ-LANG-005.md
REQ-LANG-006,LANG,JavaScript,RTMX shall provide JavaScript/TypeScript testing integration for Jest Mocha and Vitest,req() helper works with npm test,internal/cmd/from_tests_js_test.go,TestExtractJavaScriptMarkers,Integration Test,COMPLETE,MEDIUM,18,JavaScript ecosystem support,2.5,REQ-LANG-007|REQ-VERIFY-001,REQ-DIST-003|REQ-BENCH-005,,,,,,.rtmx/requirements/LANG/REQ-LANG-006.md
REQ-LANG-008,LANG,Java,RTMX shall provide Java testing integration via JUnit 5 annotations,@Req annotation works with mvn test,internal/cmd/from_tests_java_test.go,TestExtractJavaMarkers,Integration Test,COMPLETE,MEDIUM,18,Java/JVM ecosystem support,2,REQ-LANG-007|REQ-VERIFY-001,REQ-BENCH-006|REQ-BENCH-009,,,,,,.rtmx/requirements/LANG/REQ-LANG-008.md
REQ-LANG-009,LANG,CSharp,RTMX shall provide C#/.NET testing integration for xUnit NUnit and MSTest,[Req] attribute works with dotnet test,internal/cmd/from_tests_csharp_test.go,TestExtractCSharpMarkers,Integration Test,COMPLETE,MEDIUM,18,C#/.NET ecosystem support,2,REQ-LANG-007|REQ-VERIFY-001,REQ-BENCH-007,,,,,,
REQ-LANG-010,LANG,Ruby,RTMX shall provide Ruby testing integration for RSpec and Minitest,req tag works with bundle exec rspec,internal/cmd/from_tests_ruby_test.go,TestExtractRubyMarkers,Integration Test,COMPLETE,MEDIUM,18,Ruby ecosystem support,2,REQ-LANG-007|REQ-VERIFY-001,,,,,,,
REQ-LANG-011,LANG,Swift,RTMX shall provide Swift testing integration for XCTest and Swift Testing,@Req annotation works with swift test,internal/cmd/from_tests_swift_test.go,TestExtractSwiftMarkers,Integration Test,COMPLETE,MEDIUM,18,Swift/Apple ecosystem support,2,REQ-LANG-007|REQ-VERIFY-001,,,,,,,
REQ-LANG-012,LANG,Cpp,RTMX shall provide C/C++ testing integration for GoogleTest and Catch2,REQ macro works with ctest,internal/cmd/from_tests_cpp_test.go,TestExtractCppMarkers,Integration Test,COMPLETE,MEDIUM,18,C/C++ ecosystem support,2,REQ-LANG-007|REQ-VERIFY-001,,,,,,,
REQ-LANG-013,LANG,Dart,RTMX shall provide Dart/Flutter testing integration,req() works with dart test,internal/cmd/from_tests_dart_test.go,TestExtractDartMarkers,Integration Test,COMPLETE,MEDIUM,18,Dart/Flutter ecosystem support,2,REQ-LANG-007|REQ-VERIFY-001,,,,,,,
REQ-LANG-014,LANG,MATLAB,RTMX shall provide MATLAB testing integration for matlab.unittest,req tag works in test methods,internal/cmd/from_tests_matlab_test.go,TestExtractMatlabMarkers,Integration Test,COMPLETE,MEDIUM,18,MATLAB defense/aerospace support,2,REQ-LANG-007|REQ-VERIFY-001,,,,,,,
REQ-LANG-015,LANG,Verilog,RTMX shall provide Verilog/SystemVerilog testing integration for UVM,req macro works in UVM test sequences,internal/cmd/from_tests_verilog_test.go,TestExtractVerilogMarkers,Integration Test,COMPLETE,MEDIUM,18,Hardware verification support,2,REQ-LANG-007|REQ-VERIFY-001,,,,,,,
REQ-LANG-016,LANG,Terraform,RTMX shall provide Terraform/HCL testing integration for terraform test,req label works in .tftest.hcl files,internal/cmd/from_tests_terraform_test.go,TestExtractTerraformMarkers,Integration Test,COMPLETE,MEDIUM,18,Infrastructure-as-code support,2,REQ-LANG-007|REQ-VERIFY-001,,,,,,,
REQ-LANG-017,LANG,COBOL,RTMX shall provide COBOL testing integration for GnuCOBOL and Micro Focus,REQ paragraph markers in test programs,internal/cmd/from_tests_cobol_test.go,TestExtractCobolMarkers,Integration Test,COMPLETE,MEDIUM,18,Legacy modernization support,2,REQ-LANG-007|REQ-VERIFY-001,,,,,,,
REQ-LANG-018,LANG,Fortran,RTMX shall provide Fortran testing integration for pFUnit,req comment markers in test subroutines,internal/cmd/from_tests_fortran_test.go,TestExtractFortranMarkers,Integration Test,COMPLETE,MEDIUM,18,Scientific computing and defense support,2,REQ-LANG-007|REQ-VERIFY-001,,,,,,,
REQ-LANG-019,LANG,Ada,RTMX shall provide Ada/SPARK testing integration for AUnit,req pragma in test packages,internal/cmd/from_tests_ada_test.go,TestExtractAdaMarkers,Integration Test,COMPLETE,MEDIUM,18,Safety-critical systems support (DO-178C),2,REQ-LANG-007|REQ-VERIFY-001,,,,,,,
REQ-LANG-020,LANG,PHP,RTMX shall provide PHP testing integration for PHPUnit and Pest,@req annotation works with phpunit,internal/cmd/from_tests_php_test.go,TestExtractPHPMarkers,Integration Test,COMPLETE,MEDIUM,18,PHP ecosystem support,2,REQ-LANG-007|REQ-VERIFY-001,,,,,,,
REQ-LANG-021,LANG,Elixir,RTMX shall provide Elixir testing integration for ExUnit,@tag req works with mix test,internal/cmd/from_tests_elixir_test.go,TestExtractElixirMarkers,Integration Test,COMPLETE,MEDIUM,18,Elixir/Erlang ecosystem support,2,REQ-LANG-007|REQ-VERIFY-001,,,,,,,
REQ-LANG-022,LANG,R,RTMX shall provide R testing integration for testthat,req comment works with testthat::test_dir,internal/cmd/from_tests_r_test.go,TestExtractRMarkers,Integration Test,COMPLETE,MEDIUM,18,Data science and statistics support,2,REQ-LANG-007|REQ-VERIFY-001,,,,,,,
REQ-LANG-023,LANG,Julia,RTMX shall provide Julia testing integration for Test stdlib,@req macro works with Pkg.test,internal/cmd/from_tests_julia_test.go,TestExtractJuliaMarkers,Integration Test,COMPLETE,MEDIUM,18,Scientific computing support,2,REQ-LANG-007|REQ-VERIFY-001,,,,,,,
REQ-LANG-024,LANG,Kotlin,RTMX shall provide Kotlin Native/Multiplatform testing integration,@Req annotation works with kotest,internal/cmd/from_tests_kotlin_test.go,TestExtractKotlinMarkers,Integration Test,COMPLETE,MEDIUM,18,Kotlin multiplatform support,2,REQ-LANG-007|REQ-VERIFY-001,,,,,,,
REQ-LANG-025,LANG,Scala,RTMX shall provide Scala testing integration for ScalaTest and MUnit,req tag works with sbt test,internal/cmd/from_tests_scala_test.go,TestExtractScalaMarkers,Integration Test,COMPLETE,MEDIUM,18,Scala/JVM ecosystem support,2,REQ-LANG-007|REQ-VERIFY-001,,,,,,,
REQ-LANG-026,LANG,Perl,RTMX shall provide Perl testing integration for Test::More,req comment works with prove,internal/cmd/from_tests_perl_test.go,TestExtractPerlMarkers,Integration Test,COMPLETE,MEDIUM,18,Legacy scripting support,2,REQ-LANG-007|REQ-VERIFY-001,,,,,,,
REQ-LANG-027,LANG,Lua,RTMX shall provide Lua testing integration for busted and luaunit,req comment works in test files,internal/cmd/from_tests_lua_test.go,TestExtractLuaMarkers,Integration Test,COMPLETE,MEDIUM,18,Embedded scripting support,2,REQ-LANG-007|REQ-VERIFY-001,,,,,,,
REQ-LANG-028,LANG,Haskell,RTMX shall provide Haskell testing integration for HSpec and Tasty,req annotation works with cabal test,internal/cmd/from_tests_haskell_test.go,TestExtractHaskellMarkers,Integration Test,COMPLETE,MEDIUM,18,Functional programming support,2,REQ-LANG-007|REQ-VERIFY-001,,,,,,,
REQ-LANG-029,LANG,Assembly,RTMX shall provide assembly language testing integration via comment markers,; rtmx:req comment in .asm/.s files,internal/cmd/from_tests_assembly_test.go,TestExtractAssemblyMarkers,Integration Test,COMPLETE,LOW,18,Firmware and bare-metal support,1,REQ-LANG-007|REQ-VERIFY-001,,,,,,,
REQ-DIST-001,DIST,Scoop,RTMX shall be installable on Windows via Scoop package manager,scoop install rtmx works,test/scoop_test.go,TestScoopInstall,System Test,COMPLETE,HIGH,14,Windows distribution,1,REQ-GO-043,REQ-REL-004,,,,,,.rtmx/requirements/DIST/REQ-DIST-001.md
REQ-DIST-002,DIST,APT,RTMX shall be installable on Debian/Ubuntu via APT package manager,apt install rtmx works,test/apt_test.go,TestAptInstall,System Test,COMPLETE,HIGH,14,Linux distribution,1.5,REQ-GO-043,,,,,,,.rtmx/requirements/DIST/REQ-DIST-002.md
REQ-DIST-003,DIST,npm,RTMX shall be installable via npm with Go binary bundled,npm install rtmx works,test/npm_test.go,TestNpmInstall,System Test,MISSING,MEDIUM,18,JavaScript ecosystem distribution,1.5,REQ-GO-043|REQ-LANG-006,,,,,,,.rtmx/requirements/DIST/REQ-DIST-003.md
REQ-DIST-005,DIST,Mainstream,RTMX shall be submitted to mainstream package repositories for native installation,brew install rtmx and yay -S rtmx work,test/mainstream_dist_test.go,TestMainstreamDistribution,System Test,MISSING,MEDIUM,19,Mainstream distribution - homebrew-core AUR COPR Chocolatey,3,REQ-GO-047|REQ-MIG-002,,,,,,,.rtmx/requirements/DIST/REQ-DIST-005.md
REQ-DIST-004,DIST,PyPI,RTMX shall be installable via pip with pytest plugin and Go binary,pip install rtmx works,test/pip_test.go,TestPipInstall,System Test,COMPLETE,P0,14,Python ecosystem distribution - parity with original rtmx,2,REQ-GO-043|REQ-LANG-004,,,,2026-03-17,2026-03-17,.rtmx/requirements/DIST/REQ-DIST-004.md,
REQ-VERIFY-001,VERIFY,Cross-Language,rtmx verify shall accept --results flag to consume language-agnostic RTMX results JSON,verify --results works with any language output,internal/cmd/verify_test.go,TestVerifyResultsFile,Integration Test,COMPLETE,P0,14,Critical path for all language extensions,1.5,REQ-VERIFY-002|REQ-VERIFY-004,REQ-E2E-002|REQ-LANG-004|REQ-LANG-005|REQ-LANG-006|REQ-LANG-008|REQ-LANG-009|REQ-LANG-010|REQ-LANG-011|REQ-LANG-012|REQ-LANG-013|REQ-LANG-014|REQ-LANG-015|REQ-LANG-016|REQ-LANG-017|REQ-LANG-018|REQ-LANG-019|REQ-LANG-020|REQ-LANG-021|REQ-LANG-022|REQ-LANG-023|REQ-LANG-024|REQ-LANG-025|REQ-LANG-026|REQ-LANG-027|REQ-LANG-028|REQ-LANG-029|REQ-VERIFY-003,,,,,,.rtmx/requirements/VERIFY/REQ-VERIFY-001.md
REQ-VERIFY-002,VERIFY,Schema,RTMX shall define and enforce JSON Schema for common results format,Schema validates Go and Python output,internal/results/schema_test.go,TestResultsSchemaValidation,Unit Test,COMPLETE,P0,14,Foundation for cross-language compatibility,1,REQ-LANG-007,REQ-VERIFY-001|REQ-VERIFY-004,,,,,,.rtmx/requirements/VERIFY/REQ-VERIFY-002.md
REQ-GO-074,CLI,Health,rtmx health shall detect status consistency violations where COMPLETE requirements depend on MISSING dependencies,Warning for COMPLETE depending on MISSING,internal/cmd/health_test.go,TestHealthStatusConsistency,Unit Test,COMPLETE,HIGH,16,Semantic validation,0.5,REQ-GO-012,,,,,,,.rtmx/requirements/CLI/REQ-GO-074.md
REQ-PAR-001,PARITY,Output,rtmx status and backlog shall support --json flag for machine-readable output,JSON output matches Python schema,internal/cmd/status_test.go,TestStatusJSON,Integration Test,COMPLETE,P0,14,CI/CD pipeline integration,1,REQ-GO-010|REQ-GO-011,REQ-GO-047,,,,,,.rtmx/requirements/PARITY/REQ-PAR-001.md
REQ-PAR-002,PARITY,CI,rtmx status --fail-under N shall exit 1 if completion below threshold,Exit code 1 when below threshold,internal/cmd/status_test.go,TestStatusFailUnder,Integration Test,COMPLETE,P0,14,CI quality gates,0.5,REQ-GO-010,REQ-GO-047,,,,,,.rtmx/requirements/PARITY/REQ-PAR-002.md
REQ-PAR-003,PARITY,Graph,rtmx backlog shall use transitive blocking analysis and exclude blocked items from quick-wins,Transitive counts match Python,internal/cmd/backlog_test.go,TestBacklogTransitiveBlocking,Integration Test,COMPLETE,P0,14,Accurate blocking impact,1,REQ-GO-011|REQ-GO-013,REQ-GO-047,,,,,,.rtmx/requirements/PARITY/REQ-PAR-003.md
REQ-PAR-004,PARITY,Health,rtmx health shall match Python health checks and exit code behavior,All Python checks present with correct exit codes,internal/cmd/health_test.go,TestHealthParity,Integration Test,COMPLETE,HIGH,14,Health command parity,1,REQ-GO-012,REQ-GO-047,,,,,,.rtmx/requirements/PARITY/REQ-PAR-004.md
REQ-PAR-005,PARITY,Config,Go CLI shall parse Python-format conftest.py markers,conftest.py markers detected,internal/cmd/from_tests_test.go,TestExtractConftestRegistrations,Unit Test,COMPLETE,HIGH,14,conftest.py marker parsing,0.5,REQ-GO-008,,,,,,,.rtmx/requirements/PARITY/REQ-PAR-005.md
REQ-AGENT-001,ADAPT,Agents,rtmx install --agents shall support 10 AI agents including Cline Gemini Windsurf Aider Amazon Q and Zed,All 10 agents detected and configured,internal/cmd/install_test.go,TestInstallAllAgents,Integration Test,COMPLETE,HIGH,14,Expanded agent ecosystem,1.5,REQ-GO-029,REQ-GO-047,,,2026-03-22,2026-03-22,,.rtmx/requirements/ADAPT/REQ-AGENT-001.md
REQ-AGENT-002,ADAPT,Claude,rtmx install --claude shall install Claude Code hooks and context command for automatic RTM injection,Hooks installed and context generated,internal/cmd/context_test.go,TestContextCommandDefaultFormat,Integration Test,COMPLETE,P0,14,Claude Code integration,1,REQ-GO-029,REQ-GO-047,,,,,,.rtmx/requirements/ADAPT/REQ-AGENT-002.md
REQ-GO-075,SYNC,CrossRepo,rtmx move/clone shall transfer requirements between rtmx-enabled repos with bidirectional provenance links,Requirement appears in target with external_id backlink,internal/sync/crossrepo_test.go,TestMoveRequirement,Integration Test,COMPLETE,HIGH,17,Cross-repo requirement lifecycle,2,REQ-GO-035,REQ-GO-076|REQ-GO-077,,,,,,.rtmx/requirements/SYNC/REQ-GO-075.md
REQ-GO-076,SYNC,CrossRepo,rtmx move/clone shall support --branch and --pr flags for PR-based requirement proposals,PR created in target repo with requirement content,internal/sync/crossrepo_test.go,TestMoveBranchCreatesGitBranch,Integration Test,COMPLETE,HIGH,17,PR workflow for requirement transfers,1.5,REQ-GO-075,REQ-GO-077,,,,,,.rtmx/requirements/SYNC/REQ-GO-076.md
REQ-GO-077,SYNC,CrossRepo,rtmx-enabled projects shall support configurable adjudication rules for incoming requirement PRs,Auto-validation and optional auto-merge of requirement PRs,internal/sync/adjudicate_test.go,TestAdjudicateRequirement_CategoryMatch_AutoApprove,Integration Test,COMPLETE,MEDIUM,17,Automated PR acceptance rules,2,REQ-GO-075|REQ-GO-076,,,,,,,.rtmx/requirements/SYNC/REQ-GO-077.md
REQ-CI-001,CI,Verify,CI shall run rtmx verify --update on main and auto-commit RTM status changes with signed commits,Status auto-committed after test pass,test/ci_test.go,TestCIVerifyJob,System Test,COMPLETE,P0,14,Closed-loop verification in CI,0.5,REQ-GO-018,REQ-GO-047,,,,,,.rtmx/requirements/CI/REQ-CI-001.md
REQ-CI-002,CI,PR,CI shall post RTM diff and health status as PR comments on RTM-related changes,PR comment shows diff and health,.github/workflows/rtmx-pr.yml,TestCIPRDiff,System Test,COMPLETE,HIGH,14,PR review visibility,1,REQ-GO-012|REQ-GO-022,REQ-GO-047,,,2026-03-22,2026-03-22,,.rtmx/requirements/CI/REQ-CI-002.md
REQ-CI-003,CI,Quality,CI shall enforce 80% requirement marker compliance on test functions,Build fails if marker coverage below 80%,.github/workflows/ci.yml,TestCIMarkerCompliance,System Test,COMPLETE,HIGH,14,Marker compliance gate,0.5,REQ-GO-017,,,,2026-03-21,2026-03-21,,.rtmx/requirements/CI/REQ-CI-003.md
REQ-CI-004,CI,Docs,CI shall generate terminal screenshots and create PRs to update documentation,Screenshots auto-generated from CLI output,.github/workflows/ci.yml,TestCIScreenshots,System Test,COMPLETE,MEDIUM,14,Documentation automation,1,REQ-GO-010|REQ-GO-011|REQ-GO-012,,,,,,,.rtmx/requirements/CI/REQ-CI-004.md
REQ-CI-005,CI,Security,CI shall include govulncheck and CodeQL for vulnerability and security scanning,No known vulnerabilities in deps,.github/workflows/ci.yml,TestCISecurity,System Test,COMPLETE,MEDIUM,14,Security scanning,0.5,,,,,2026-03-21,2026-03-21,,.rtmx/requirements/CI/REQ-CI-005.md
REQ-CI-006,CI,Ecosystem,Repository shall provide reusable validation workflow for RTMX-enabled repos,Other repos can call workflow,test/ci_validate_test.go,TestCIValidate,System Test,COMPLETE,MEDIUM,14,Ecosystem validation,0.5,REQ-GO-012,,,,,,,.rtmx/requirements/CI/REQ-CI-006.md
REQ-REL-001,RELEASE,Security,All release binaries and checksums shall be GPG-signed for authenticity verification,GPG signatures on all release artifacts,test/release_signing_test.go,TestGPGSigning,System Test,COMPLETE,P0,14,Binary signing - enterprise requirement,1,REQ-GO-043,REQ-GO-047|REQ-REL-003|REQ-REL-006,,,,,,.rtmx/requirements/RELEASE/REQ-REL-001.md
REQ-REL-002,RELEASE,SupplyChain,Each release shall include SBOM in SPDX JSON format,SBOM lists all dependencies,.goreleaser.yaml,TestSBOMGeneration,System Test,COMPLETE,HIGH,14,Supply chain auditing,0.5,REQ-GO-043,REQ-GO-047,,,2026-03-21,2026-03-21,,.rtmx/requirements/RELEASE/REQ-REL-002.md
REQ-REL-003,RELEASE,Documentation,Release notes shall include verification instructions and curated highlights,Release notes have verification section,.goreleaser.yaml,TestReleaseNotes,System Test,COMPLETE,HIGH,14,Professional release documentation,0.5,REQ-REL-001,REQ-GO-047,,,2026-03-21,2026-03-21,,.rtmx/requirements/RELEASE/REQ-REL-003.md
REQ-REL-004,RELEASE,Distribution,Release workflow shall publish to Homebrew tap and Scoop bucket,brew install and scoop install work,test/release_publish_test.go,TestHomebrewScoop,System Test,COMPLETE,HIGH,14,Package manager publishing,1,REQ-DIST-001|REQ-GO-044,REQ-GO-047,,,,,,.rtmx/requirements/RELEASE/REQ-REL-004.md
REQ-REL-005,RELEASE,Container,Release workflow shall publish multi-arch Docker images to ghcr.io,docker pull ghcr.io/rtmx-ai/rtmx works,test/docker_test.go,TestDockerImage,System Test,COMPLETE,MEDIUM,14,Container distribution,1,REQ-GO-043,,,,,,,.rtmx/requirements/RELEASE/REQ-REL-005.md
REQ-REL-006,RELEASE,Security,Repository shall include SECURITY.md and universal install script,SECURITY.md exists and install.sh works,test/security_policy_test.go,TestSecurityPolicy,System Test,COMPLETE,HIGH,14,Security policy and install,0.5,REQ-REL-001,REQ-E2E-004,,,,,,.rtmx/requirements/RELEASE/REQ-REL-006.md
REQ-E2E-001,E2E,Binary,CI shall smoke test the compiled binary against the repos own RTM database,All core commands execute without error,.github/workflows/ci.yml,TestBinarySmokeTest,System Test,COMPLETE,P0,14,Binary smoke test,0.5,REQ-GO-010|REQ-GO-011|REQ-GO-012,REQ-GO-047,,,2026-03-22,2026-03-22,,.rtmx/requirements/E2E/REQ-E2E-001.md
REQ-E2E-002,E2E,CrossLang,CI shall run Python tests with --rtmx-output and verify with Go CLI,Cross-language pipeline passes,.github/workflows/ci.yml,TestCrossLangE2E,System Test,COMPLETE,HIGH,14,Cross-language dogfood loop,0.5,REQ-LANG-004|REQ-VERIFY-001,,,,2026-03-22,2026-03-22,,.rtmx/requirements/E2E/REQ-E2E-002.md
REQ-E2E-003,E2E,Release,CI shall run goreleaser snapshot to validate release configuration,Snapshot builds all artifacts,.github/workflows/ci.yml,TestReleaseSnapshot,System Test,COMPLETE,HIGH,14,Release dry-run,0.5,REQ-GO-043,,,,2026-03-22,2026-03-22,,.rtmx/requirements/E2E/REQ-E2E-003.md
REQ-E2E-004,E2E,Install,CI shall test install script syntax and error handling,Script validates without errors,.github/workflows/ci.yml,TestInstallScript,System Test,COMPLETE,MEDIUM,14,Install script validation,0.25,REQ-REL-006,,,,2026-03-22,2026-03-22,,.rtmx/requirements/E2E/REQ-E2E-004.md
REQ-MIG-001,MIGRATION,Parity,RTMX shall validate full feature parity between Python CLI and Go CLI before migration,Parity test suite passes,test/parity_test.go,TestFullParity,Integration Test,COMPLETE,MEDIUM,21,Automated parity validation across all CLI commands,3,REQ-GO-047,REQ-MIG-002,,,,,,.rtmx/requirements/MIGRATION/REQ-MIG-001.md
REQ-MIG-002,MIGRATION,Trunk,The rtmx main branch shall migrate to track rtmx-go Go implementation,Go codebase on main branch,test/migration_test.go,TestTrunkMigration,System Test,COMPLETE,MEDIUM,21,Python trunk archived to legacy/python branch,4,REQ-GO-045|REQ-GO-046|REQ-MIG-001,REQ-DIST-005|REQ-MIG-003|REQ-PYTEST-001,,,,,,.rtmx/requirements/MIGRATION/REQ-MIG-002.md
REQ-MIG-003,MIGRATION,Deprecation,Python rtmx PyPI package shall be deprecated to minimal pytest plugin,PyPI contains pytest plugin only,test/migration_test.go,TestPyPIDeprecation,System Test,MISSING,HIGH,21,Full CLI removed from PyPI package,1.5,REQ-MIG-002,,,,,,,.rtmx/requirements/MIGRATION/REQ-MIG-003.md
REQ-PYTEST-001,TESTING,Plugin,Python rtmx package shall be minimal pytest plugin after Go CLI migration,Markers registered and JSON output works,test/migration_test.go,TestPytestPlugin,System Test,MISSING,HIGH,21,Minimal pytest plugin - markers only - calls Go CLI for import,2,REQ-MIG-002,,,,,,,.rtmx/requirements/TESTING/REQ-PYTEST-001.md
REQ-SEC-001,SECURITY,Integrity,rtmx verify --results shall require cryptographic proof that test results are authentic,Crafted results.json rejected without valid HMAC,test/security_test.go,TestResultsTampering,Security Test,COMPLETE,MEDIUM,20,VULN-02: Status tampering via crafted results JSON,2,,,,,,,,.rtmx/requirements/SECURITY/REQ-SEC-001.md
REQ-SEC-002,SECURITY,Protocol,Sync protocol shall authenticate and sign all messages with replay protection,Unsigned or replayed sync messages rejected,test/security_test.go,TestSyncProtocolAttacks,Security Test,COMPLETE,MEDIUM,20,VULN-03: Unauthenticated sync protocol allows status override,2,,,,,,,,.rtmx/requirements/SECURITY/REQ-SEC-002.md
REQ-SEC-003,SECURITY,AccessControl,Grant constraints shall be enforced during sync operations,Updates violating grant constraints rejected,test/security_test.go,TestGrantEnforcementBypass,Security Test,COMPLETE,MEDIUM,20,VULN-16: Grants not enforced during sync,1,,,,,,,,.rtmx/requirements/SECURITY/REQ-SEC-003.md
REQ-SEC-004,SECURITY,SupplyChain,All GitHub Actions shall be pinned to commit SHAs not mutable tags,No mutable version tags in workflow files,test/security_test.go,TestActionPinning,Security Test,COMPLETE,HIGH,20,SC-2.2/2.3: 14 actions pinned to mutable tags,1,,REQ-SEC-012,,,,,,.rtmx/requirements/SECURITY/REQ-SEC-004.md
REQ-SEC-005,SECURITY,SupplyChain,Install script shall verify GPG signatures before trusting checksums,Tampered checksums.txt rejected by install script,test/security_test.go,TestInstallScriptGPGVerification,Security Test,COMPLETE,HIGH,20,SC-3.1: Install script verifies checksums but not signatures,0.5,,,,,,,,.rtmx/requirements/SECURITY/REQ-SEC-005.md
REQ-SEC-006,SECURITY,Release,GPG signing shall be mandatory for all releases not conditional,Release workflow fails if GPG key is missing,test/security_test.go,TestMandatoryGPGSigning,Security Test,COMPLETE,HIGH,20,SC-5.1: GPG signing conditional on secret existence,0.5,,,,,,,,.rtmx/requirements/SECURITY/REQ-SEC-006.md
REQ-SEC-007,SECURITY,Input,Adapter URLs and query parameters shall be validated against injection,Crafted repo/server/JQL values rejected,test/security_test.go,TestInputInjection,Security Test,COMPLETE,HIGH,20,VULN-04/05/06: SSRF and injection via config values,1,,,,,,,,.rtmx/requirements/SECURITY/REQ-SEC-007.md
REQ-SEC-008,SECURITY,FileSystem,File operations shall validate paths against traversal attacks,Path traversal via remote config rejected,test/security_test.go,TestPathTraversal,Security Test,COMPLETE,HIGH,20,VULN-07: Path traversal in shadow resolver,0.5,,,,,,,,.rtmx/requirements/SECURITY/REQ-SEC-008.md
REQ-SEC-009,SECURITY,Data,Database writes shall be atomic to prevent corruption on interruption,Interrupted write preserves previous valid state,test/security_test.go,TestAtomicDatabaseWrite,Security Test,COMPLETE,MEDIUM,20,VULN-15: Non-atomic truncate-then-write,1,,,,,,,,.rtmx/requirements/SECURITY/REQ-SEC-009.md
REQ-SEC-010,SECURITY,CI,CI pipeline shall prevent self-modification attacks via auto-commit,Auto-commit restricted to database.csv only,test/security_test.go,TestCIPipelineSafety,Security Test,COMPLETE,HIGH,20,SC-4.2: verify-requirements auto-commits to main,0.5,,REQ-SEC-011|REQ-SEC-012,,,,,,
REQ-SEC-011,SECURITY,Governance,rtmx verify shall enforce configurable throughput thresholds on status changes,Exceeding fail threshold prevents write,internal/cmd/verify_test.go,TestVerifyThresholds,Integration Test,COMPLETE,HIGH,20,Configurable warn/fail thresholds for batch update governance,1.5,REQ-SEC-010,REQ-SEC-012,,,,,,
REQ-SEC-012,SECURITY,Governance,rtmx security shall audit repository and RTMX security posture with interactive fix,All checks PASS or WARN with fix guidance,internal/cmd/security_test.go,TestSecurityCheckVerifyThresholds,Integration Test,COMPLETE,HIGH,20,Security posture check - GitHub MVP with platform extensibility,2,REQ-SEC-004|REQ-SEC-010|REQ-SEC-011,,,,,,,
REQ-SEC-013,SECURITY,Integrity,rtmx status shall warn when displayed status has not been verified against current test evidence,Staleness warning shown when HEAD advances past last verify,internal/cmd/status_test.go,TestStatusStalenessWarning,Integration Test,COMPLETE,MEDIUM,20,Evidence-based status display - status derived from tests not assertions,1.5,,,,,,,,.rtmx/requirements/SECURITY/REQ-SEC-013.md
REQ-VERIFY-003,VERIFY,MultiFormat,rtmx verify --command shall auto-detect test output format and parse cargo test and pytest output natively,verify --command cargo test updates status,internal/cmd/verify_test.go,TestVerifyCargoTestOutput,Integration Test,COMPLETE,HIGH,18,Multi-format test output parsing for cross-language verify,2,REQ-VERIFY-001,,,,,,,
REQ-VERIFY-004,VERIFY,ResultsParsing,rtmx verify --results shall accept canonical nested and flat result forms and reject unknown fields,Flat-form bug repro from v0.2.4 succeeds and unknown fields error,internal/results/schema_test.go,TestResultUnmarshalForms,Unit Test,PARTIAL,HIGH,18,Bug fix for v0.2.4 silent zero-value parse,1,REQ-VERIFY-002,REQ-VERIFY-001,,,,,.rtmx/requirements/VERIFY/REQ-VERIFY-004.md,
REQ-BENCH-001,BENCH,Framework,RTMX shall provide a benchmark framework validating language scanners against real-world open source projects,Nightly CI with regression tracking,test/benchmark_framework_test.go,TestBenchmarkFramework,Integration Test,MISSING,HIGH,21,Framework + orchestration + CI workflow,3,REQ-LANG-007,REQ-BENCH-002|REQ-BENCH-003|REQ-BENCH-004|REQ-BENCH-005|REQ-BENCH-006|REQ-BENCH-007|REQ-BENCH-008|REQ-BENCH-009,,,,,.rtmx/requirements/BENCH/REQ-BENCH-001.md,
REQ-BENCH-002,BENCH,Go,RTMX benchmark shall validate Go scanner against cli/cli,>=25 markers extracted and verified,benchmarks/configs/go.yaml,TestBenchmarkGo,E2E Test,MISSING,HIGH,21,Go benchmark - cli/cli exemplar,0.5,REQ-BENCH-001|REQ-LANG-003,,,,,,.rtmx/requirements/BENCH/REQ-BENCH-002.md,
REQ-BENCH-003,BENCH,Python,RTMX benchmark shall validate Python scanner against psf/requests,>=20 markers extracted and verified,benchmarks/configs/python.yaml,TestBenchmarkPython,E2E Test,MISSING,HIGH,21,Python benchmark - requests exemplar,0.5,REQ-BENCH-001|REQ-LANG-004,,,,,,.rtmx/requirements/BENCH/REQ-BENCH-003.md,
REQ-BENCH-004,BENCH,Rust,RTMX benchmark shall validate Rust scanner against rtmx-ai/aegis-cli,>=30 markers across 3 styles,benchmarks/configs/rust.yaml,TestBenchmarkRust,E2E Test,MISSING,HIGH,21,Rust benchmark - aegis-cli exemplar,0.5,REQ-BENCH-001|REQ-LANG-005,,,,,,.rtmx/requirements/BENCH/REQ-BENCH-004.md,
REQ-BENCH-005,BENCH,JavaScript,RTMX benchmark shall validate JS/TS scanner against sindresorhus/got,>=20 markers from TypeScript test files,benchmarks/configs/javascript.yaml,TestBenchmarkJavaScript,E2E Test,MISSING,HIGH,21,JavaScript benchmark - got exemplar,0.5,REQ-BENCH-001|REQ-LANG-006,,,,,,.rtmx/requirements/BENCH/REQ-BENCH-005.md,
REQ-BENCH-006,BENCH,Java,RTMX benchmark shall validate Java scanner against google/gson,>=20 markers with JUnit 5 annotations,benchmarks/configs/java.yaml,TestBenchmarkJava,E2E Test,MISSING,HIGH,21,Java benchmark - gson exemplar,0.5,REQ-BENCH-001|REQ-LANG-008,,,,,,.rtmx/requirements/BENCH/REQ-BENCH-006.md,
REQ-BENCH-007,BENCH,CSharp,RTMX benchmark shall validate C# scanner against jbogard/MediatR,>=15 markers with xUnit attributes,benchmarks/configs/csharp.yaml,TestBenchmarkCSharp,E2E Test,MISSING,HIGH,21,C# benchmark - MediatR exemplar,0.5,REQ-BENCH-001|REQ-LANG-009,,,,,,.rtmx/requirements/BENCH/REQ-BENCH-007.md,
REQ-ORCH-001,ORCH,Orchestration,RTMX shall compute independent work webs from the dependency graph,DetectWebs returns connected components of open reqs,internal/graph/web_test.go,TestDetectWebs,Unit Test,MISSING,P0,19,Foundation for multi-agent coordination,2,,REQ-ORCH-002|REQ-ORCH-003|REQ-ORCH-004|REQ-ORCH-007,,,,,.rtmx/requirements/AGENT/REQ-ORCH-001.md,
REQ-ORCH-002,ORCH,Orchestration,rtmx next --show shall display available work webs with summary stats,Web list with effort and priority,internal/cmd/next_test.go,TestNextShow,Unit Test,MISSING,P0,19,Web visualization for agents and humans,1,REQ-ORCH-001,REQ-ORCH-004,,,,,.rtmx/requirements/AGENT/REQ-ORCH-002.md,
REQ-ORCH-003,ORCH,Orchestration,rtmx next --one shall claim single highest-priority unblocked requirement,Atomic claim with agent identity,internal/cmd/next_test.go,TestNextOne,Unit Test,MISSING,HIGH,19,Simplest agent interaction pattern,1,REQ-ORCH-001|REQ-ORCH-005,,,,,,.rtmx/requirements/AGENT/REQ-ORCH-003.md,
REQ-ORCH-004,ORCH,Orchestration,rtmx next --batch shall claim entire work web with effort carving,Batch claim with topological prefix within budget,internal/cmd/next_test.go,TestNextBatch,Unit Test,MISSING,HIGH,19,Batch claiming with effort budget,1.5,REQ-ORCH-001|REQ-ORCH-002|REQ-ORCH-005,REQ-ORCH-006|REQ-ORCH-008,,,,,.rtmx/requirements/AGENT/REQ-ORCH-004.md,
REQ-ORCH-005,ORCH,Orchestration,RTMX shall provide atomic claim/release protocol with file locking and agent identity,Concurrent claims do not corrupt claims.json,internal/orchestration/claims_test.go,TestClaimProtocol,Unit Test,MISSING,P0,19,Core mutual exclusion for multi-agent,1,,REQ-ORCH-003|REQ-ORCH-004|REQ-ORCH-006|REQ-MCP-005|REQ-ORCH-009,,,,,.rtmx/requirements/AGENT/REQ-ORCH-005.md,
REQ-ORCH-006,ORCH,Orchestration,rtmx merge shall validate web completion and merge worktree to main,Merge blocked if requirements incomplete,internal/cmd/merge_test.go,TestMergeWeb,Integration Test,MISSING,HIGH,19,Closes the claim-work-merge cycle,2,REQ-ORCH-004|REQ-ORCH-005,,,,,,.rtmx/requirements/AGENT/REQ-ORCH-006.md,
REQ-ORCH-007,ORCH,Orchestration,RTMX shall detect implicit coupling between webs via file surface overlap,Overlapping webs warned or merged,internal/graph/web_test.go,TestDetectOverlaps,Unit Test,MISSING,MEDIUM,20,Prevents merge conflicts from physical coupling,1,REQ-ORCH-001,,,,,,.rtmx/requirements/AGENT/REQ-ORCH-007.md,
REQ-MCP-003,MCP,Server,RTMX MCP server shall expose production-grade read-only tools for RTM operations,All 7 tools discoverable and concurrent-safe,internal/adapters/mcp/tools_test.go,TestMCPReadTools,Integration Test,MISSING,P0,19,Universal integration point for all agent platforms,2,,REQ-MCP-005|REQ-PLUGIN-001|REQ-PLUGIN-002|REQ-PLUGIN-003a|REQ-PLUGIN-003b|REQ-PLUGIN-003c|REQ-PLUGIN-003d,,,,,.rtmx/requirements/MCP/REQ-MCP-003.md,
REQ-MCP-005,MCP,Server,RTMX MCP server shall expose mutation tools behind authorization model,Claim/verify/release via MCP with agent identity,internal/adapters/mcp/tools_mutation_test.go,TestMCPMutationTools,Integration Test,MISSING,HIGH,20,Enables agents to act on roadmap via MCP,2,REQ-MCP-003|REQ-ORCH-005,REQ-PLUGIN-001|REQ-PLUGIN-003b|REQ-PLUGIN-003d,,,,,.rtmx/requirements/MCP/REQ-MCP-005.md,
REQ-PLUGIN-001,PLUGIN,ClaudeCode,RTMX shall provide Claude Code skill pack with inline slash commands,/status /backlog /next /claim /verify work in conversation,internal/cmd/install_test.go,TestInstallClaudeCode,Integration Test,MISSING,P0,19,Primary UX: roadmap inside the agent conversation,2,REQ-MCP-003|REQ-MCP-005,REQ-PLUGIN-004,,,,,.rtmx/requirements/PLUGIN/REQ-PLUGIN-001.md,
REQ-PLUGIN-002,PLUGIN,GeminiCLI,RTMX shall provide gemini-cli extension for inline RTM commands,RTM commands work in gemini-cli TUI,internal/cmd/install_test.go,TestInstallGeminiCLI,Integration Test,MISSING,HIGH,20,Cross-platform agent support,1,REQ-MCP-003,,,,,,.rtmx/requirements/PLUGIN/REQ-PLUGIN-002.md,
REQ-PLUGIN-003a,PLUGIN,Cursor,rtmx install --cursor shall write MCP server config for Cursor IDE,Cursor discovers RTMX tools via .cursor/mcp.json,internal/cmd/install_test.go,TestInstallCursor,Integration Test,MISSING,HIGH,20,Cursor speaks MCP natively,0.5,REQ-MCP-003,,,,,,.rtmx/requirements/PLUGIN/REQ-PLUGIN-003a.md,
REQ-PLUGIN-003b,PLUGIN,Coder,rtmx install --coder shall generate workspace template with HTTP MCP server,MCP server starts on workspace creation,internal/cmd/install_test.go,TestInstallCoder,Integration Test,MISSING,MEDIUM,21,Remote workspace support,1,REQ-MCP-003|REQ-MCP-005,,,,,,.rtmx/requirements/PLUGIN/REQ-PLUGIN-003b.md,
REQ-PLUGIN-003c,PLUGIN,Codex,rtmx install --codex shall generate tool definition for OpenAI Codex,Codex can invoke rtmx --json commands,internal/cmd/install_test.go,TestInstallCodex,Integration Test,MISSING,MEDIUM,21,CLI-based integration,0.5,REQ-MCP-003,,,,,,.rtmx/requirements/PLUGIN/REQ-PLUGIN-003c.md,
REQ-PLUGIN-003d,PLUGIN,Gastown,rtmx install --gastown shall provide plugin for Steve Yegge Gastown project,Gastown discovers RTMX as tool provider,internal/cmd/install_test.go,TestInstallGastown,Integration Test,MISSING,MEDIUM,21,Gastown plugin pending architecture investigation,1,REQ-MCP-003|REQ-MCP-005,,,,,,.rtmx/requirements/PLUGIN/REQ-PLUGIN-003d.md,
REQ-PLUGIN-004,PLUGIN,TUI,RTMX shall provide --format=tui output mode for inline agent display,Compact markdown-safe output <= 8 lines,internal/output/tui_test.go,TestTUIFormat,Unit Test,MISSING,HIGH,19,Rendering layer for all plugin integrations,1,REQ-PLUGIN-001,,,,,,.rtmx/requirements/PLUGIN/REQ-PLUGIN-004.md,
REQ-ORCH-008,ORCH,Orchestration,rtmx next --batch --worktree shall create and bind git worktree to claimed web,Worktree created with branch and recorded in claim metadata,internal/cmd/next_test.go,TestNextBatchWorktree,Integration Test,MISSING,HIGH,20,Isolated workspaces for agent webs,1,REQ-ORCH-004,,,,,,.rtmx/requirements/AGENT/REQ-ORCH-008.md,
REQ-ORCH-009,ORCH,Orchestration,RTMX claim protocol shall support heartbeat and automatic staleness reaping,Stale claims reaped after configurable timeout,internal/orchestration/claims_test.go,TestClaimStaleness,Unit Test,MISSING,MEDIUM,20,Lifecycle management for long-running agents,1,REQ-ORCH-005,,,,,,.rtmx/requirements/AGENT/REQ-ORCH-009.md,
REQ-BENCH-008,BENCH,Sync,RTMX benchmark shall validate issue-backend sync by importing GitHub Issues from exemplar projects,>=10 items imported via dry-run,internal/benchmark/config_test.go,TestSyncConfig,Integration Test,MISSING,MEDIUM,22,Benchmark sync with GitHub Issues and Jira,1.5,REQ-BENCH-001|REQ-GO-040,,,,,,.rtmx/requirements/BENCH/REQ-BENCH-008.md,
REQ-BENCH-009,BENCH,Java,RTMX benchmark shall validate Java scanner against TAK-Product-Center/Server,>=20 markers extracted and verified,benchmarks/configs/tak-server.yaml,TestBenchmarkTAKServer,E2E Test,MISSING,HIGH,22,Java/defense benchmark - TAK Server exemplar,0.5,REQ-BENCH-001|REQ-LANG-008,,,,,,.rtmx/requirements/BENCH/REQ-BENCH-009.md,
